{"cameraMode":{"drawMode":0,"name":"Shaded","section":"Shading Mode"},"sceneLighting":true,"audioPlay":false,"sceneViewState":{"showFog":true,"showMaterialUpdate":false,"showSkybox":true,"showFlares":true,"showImageEffects":true,"showParticleSystems":true},"in2DMode":false,"pivot":{"x":0.1309216022491455,"y":-4.58592414855957,"z":-1.6600456237792969},"rotation":{"x":0.38059261441230776,"y":0.6142098903656006,"z":-0.5370758175849915,"w":0.43525269627571108},"size":13.575461387634278,"orthographic":false}